,videoId,item_type,authorDisplayName,textDisplay,textOriginal,authorChannelUrl,likeCount,isBad
0,Bb5DKSx5jTI,0,춘하추동,"<a href=""https://www.youtube.com/watch?v=Bb5DKSx5jTI&amp;t=12m45s"">12:45</a> 빛솔님이 신사가 되기 위해 베드락으로 빛솔님 집을 감싸는 것도 나쁘지 않을듯",12:45 빛솔님이 신사가 되기 위해 베드락으로 빛솔님 집을 감싸는 것도 나쁘지 않을듯,http://www.youtube.com/channel/UC-vPmpC6ViUJm8NyigPGXiA,46,0
1,Bb5DKSx5jTI,1,사주티비,진심 존나  유명한 bj 방송하다가 의상 제대로 내려간듯...?<br />내꺼 들어오면 볼 수 있는좌표 찍어둘게🧡🧡<br />------------------------------------------------------------------,"진심 존나  유명한 bj 방송하다가 의상 제대로 내려간듯...?
내꺼 들어오면 볼 수 있는좌표 찍어둘게🧡🧡
------------------------------------------------------------------",http://www.youtube.com/channel/UCSdZqs5ov46fhKZtN3--k1w,0,0
2,Bb5DKSx5jTI,0,쫍이,배드락 집 만들다가 문 설치하는곳 안 남기고 해버리면 지대로 망하는거넼ㅋㅋ,배드락 집 만들다가 문 설치하는곳 안 남기고 해버리면 지대로 망하는거넼ㅋㅋ,http://www.youtube.com/channel/UCeKdROVt7oOprSeFsD7nXjA,76,0
3,Bb5DKSx5jTI,1,앤냥TV,팩트:부수고 오픈업함,팩트:부수고 오픈업함,http://www.youtube.com/channel/UC7tcJmctoXpWAaxRABix22Q,0,0
4,Bb5DKSx5jTI,1,Yangtae Kim,@박천응 ㅋㅋㅋㅋㅋㅋㅋㅋㅋㅋ(FBI사칭은원래하면철컹철컹입니다),@박천응 ㅋㅋㅋㅋㅋㅋㅋㅋㅋㅋ(FBI사칭은원래하면철컹철컹입니다),http://www.youtube.com/channel/UCV1yTXDlzGz4voD6oFDNJJg,0,0
5,Bb5DKSx5jTI,1,박천응,@에스프레소맛 쿠키FBI open up!!!,@에스프레소맛 쿠키FBI open up!!!,http://www.youtube.com/channel/UCyVfJttDaTCNjloDrnYsxlA,4,0
6,Bb5DKSx5jTI,1,에스프레소맛 쿠키,창문 꺄부스고 들어가야지,창문 꺄부스고 들어가야지,http://www.youtube.com/channel/UCTTTacRlqNyun-OAfdKrQPA,2,0
7,Bb5DKSx5jTI,0,백토,"<a href=""https://www.youtube.com/watch?v=Bb5DKSx5jTI&amp;t=1m28s"">1:28</a> 타이밍 지렸다...ㄷㄷ",1:28 타이밍 지렸다...ㄷㄷ,http://www.youtube.com/channel/UCw1x6O4T5YfdnTY3uYUX6vg,81,0
8,Bb5DKSx5jTI,1,eky story,ㄹㅇ 웃음 버튼 ㅋㅋㅋㅋ,ㄹㅇ 웃음 버튼 ㅋㅋㅋㅋ,http://www.youtube.com/channel/UC9RIIcRjsGcCSlCeNkBXSJw,0,0
9,Bb5DKSx5jTI,1,정민경,ㅇㅈ,ㅇㅈ,http://www.youtube.com/channel/UCrqBLd2T98uqjau7j0hZAsw,1,0
10,Bb5DKSx5jTI,0,평범한사람입니다,"<a href=""https://www.youtube.com/watch?v=Bb5DKSx5jTI&amp;t=6m30s"">6:30</a> 이거 듣고 시리가 응답하네...<br /> 분명 투디인데...","6:30 이거 듣고 시리가 응답하네...
 분명 투디인데...",http://www.youtube.com/channel/UCsH1ruhwCynKdRV2j7w5-kA,14,0
11,Bb5DKSx5jTI,1,스토리충 무새,앜 이 ㅁㅊ ㅋㅋㅋㅋㅋ,앜 이 ㅁㅊ ㅋㅋㅋㅋㅋ,http://www.youtube.com/channel/UCdUDqxz6SpeRdl8yT5PuPmw,0,0
12,Bb5DKSx5jTI,0,종종,"<a href=""https://www.youtube.com/watch?v=Bb5DKSx5jTI&amp;t=1m26s"">1:26</a> 진짜 개웃기네 ㅋㅋㅋㅋㅋㅋㅋㅋㅋㅋㅋㅋㅋㅋㅋㅋ",1:26 진짜 개웃기네 ㅋㅋㅋㅋㅋㅋㅋㅋㅋㅋㅋㅋㅋㅋㅋㅋ,http://www.youtube.com/channel/UCpi9c2cpSfsMvwIvVtqG-3Q,14,0
13,Bb5DKSx5jTI,1,사주티비,전직 아이돌 연습생 출신 비제이 스타킹 개찢는 방송하넹....ㅠㅠ<br />내프로필 와서 보고가용💜💜<br />------------------------------------------------------------------,"전직 아이돌 연습생 출신 비제이 스타킹 개찢는 방송하넹....ㅠㅠ
내프로필 와서 보고가용💜💜
------------------------------------------------------------------",http://www.youtube.com/channel/UCSdZqs5ov46fhKZtN3--k1w,0,0
14,Bb5DKSx5jTI,0,백토,썸네일 보고 &#39;뭐지?&#39;했는데 능력보고 이해했다ㅋㅋㅋ,썸네일 보고 '뭐지?'했는데 능력보고 이해했다ㅋㅋㅋ,http://www.youtube.com/channel/UCw1x6O4T5YfdnTY3uYUX6vg,61,0
15,Bb5DKSx5jTI,1,구독안하면 니집에서 번식함,@ᅳᅳ 진짜되네?,@ᅳᅳ 진짜되네?,http://www.youtube.com/channel/UC7GrmZjBw48PfkRsX2veOQA,0,0
16,Bb5DKSx5jTI,1,ᅳᅳ,내유툽에 돈ꪚ 받는법있음,내유툽에 돈ꪚ 받는법있음,http://www.youtube.com/channel/UCz4yvzvPy2jS_qqCGpnfrCw,0,0
17,Bb5DKSx5jTI,1,허승찬,@정상원 ㄹ ㅇ,@정상원 ㄹ ㅇ,http://www.youtube.com/channel/UCsfKry2mjsP9O9TLDmZLeBA,0,0
18,Bb5DKSx5jTI,1,김치릴,ㅋㅋㅋㅋㅋ,ㅋㅋㅋㅋㅋ,http://www.youtube.com/channel/UCqfMUzMD1qEtMMvZXKLnQHA,0,0
19,Bb5DKSx5jTI,1,정상원,영상이 45분전인데 댓글이 54분전이네<br />신기해라,"영상이 45분전인데 댓글이 54분전이네
신기해라",http://www.youtube.com/channel/UCwddZp6Jx7RkYU81GYd6B-g,1,0
20,Bb5DKSx5jTI,0,kim나그네,"<a href=""https://www.youtube.com/watch?v=Bb5DKSx5jTI&amp;t=1m27s"">1:27</a> 여기 0.25배로 하고 보면 한대 때리고 흙팜 ㅋㅋㅋ",1:27 여기 0.25배로 하고 보면 한대 때리고 흙팜 ㅋㅋㅋ,http://www.youtube.com/channel/UCz0u92Lp6WFBC8V7vNDZwCA,8,0
21,Bb5DKSx5jTI,1,부위티비,전직 아이돌 연습생 출신 비제이 스타킹 개찢는 방송하넹....ㅠㅠ<br />내프로필 와서 보고가용💜💜<br />------------------------------------------------------------------,"전직 아이돌 연습생 출신 비제이 스타킹 개찢는 방송하넹....ㅠㅠ
내프로필 와서 보고가용💜💜
------------------------------------------------------------------",http://www.youtube.com/channel/UCVI2YLTS0GX_MoWyCemMnrw,0,0
22,Bb5DKSx5jTI,0,정페페,"<a href=""https://www.youtube.com/watch?v=Bb5DKSx5jTI&amp;t=0m37s"">0:37</a> 뽀글아 나중에 &#39;폭탄&#39; 만들어줘^^<br />잠시후...아니! 펑<br />이것은 복선인가? 아닌가?","0:37 뽀글아 나중에 '폭탄' 만들어줘^^
잠시후...아니! 펑
이것은 복선인가? 아닌가?",http://www.youtube.com/channel/UCE2SHXKPVlxEi8n3HVi0xuw,6,0
23,Bb5DKSx5jTI,0,Eric! !,"<a href=""https://www.youtube.com/watch?v=Bb5DKSx5jTI&amp;t=2m27s"">2:27</a> 능력이 생각보다.....<br /><a href=""https://www.youtube.com/watch?v=Bb5DKSx5jTI&amp;t=2m44s"">2:44</a>좋네?","2:27 능력이 생각보다.....
2:44좋네?",http://www.youtube.com/channel/UCUra_Tbq8nP58nlTwEC1BhA,8,0
24,Bb5DKSx5jTI,0,한재훈,"<a href=""https://www.youtube.com/watch?v=Bb5DKSx5jTI&amp;t=9m15s"">9:15</a> 의뢰인=돈 주는 사람",9:15 의뢰인=돈 주는 사람,http://www.youtube.com/channel/UC6OjuXCrKZzsdIvwr0_q86A,5,0
25,Bb5DKSx5jTI,0,Mr.풍선,자꾸 이컨텐츠 보면 미래에 능력을 조절할수 있게돼서<br />케빈님이 막 벽 사이를 빠르게 뛰어다니면거 발차기로 제압하고<br />연비님이 사물을 부패시키며 투디님이 하는말이 물체화되고 씨엔님이 물속을 자유롭게 돌아다니며 라미님이 건드린 물건의 성질을 바꾸고 뽀글님이 날아다니는게 상상가<br />나 배틀물 중독인가?<br />저번 해결사에서도 그러더니,"자꾸 이컨텐츠 보면 미래에 능력을 조절할수 있게돼서
케빈님이 막 벽 사이를 빠르게 뛰어다니면거 발차기로 제압하고
연비님이 사물을 부패시키며 투디님이 하는말이 물체화되고 씨엔님이 물속을 자유롭게 돌아다니며 라미님이 건드린 물건의 성질을 바꾸고 뽀글님이 날아다니는게 상상가
나 배틀물 중독인가?
저번 해결사에서도 그러더니",http://www.youtube.com/channel/UCEqqfEu6k-kguI1HyOQORsw,7,0
26,Bb5DKSx5jTI,1,계란은 역시 노른자,<del>be정상입니다</del>,-be정상입니다-,http://www.youtube.com/channel/UC20JyCZ1XtOENasEXfVE7vA,0,0
27,Bb5DKSx5jTI,1,골드치즈맛쿠키,@capo da 맞긴 맞네요,@capo da 맞긴 맞네요,http://www.youtube.com/channel/UCw1zKCKM6lovzqN_L7qdW9Q,0,0
28,Bb5DKSx5jTI,1,capo da,뽀글님은 겉날개만 있으면 가능하잖아요,뽀글님은 겉날개만 있으면 가능하잖아요,http://www.youtube.com/channel/UCA3kYGJzjaTdJGOB55-CiSw,0,0
29,Bb5DKSx5jTI,0,Ghoul 킬다크켄&그레이 CCG,"<a href=""https://www.youtube.com/watch?v=Bb5DKSx5jTI&amp;t=0m34s"">0:34</a> 찰싹!",0:34 찰싹!,http://www.youtube.com/channel/UCIKQFX3PQMNNM6gyX2u99iQ,14,0
30,Bb5DKSx5jTI,0,호탱호탱,"<a href=""https://www.youtube.com/watch?v=Bb5DKSx5jTI&amp;t=1m54s"">1:54</a><br />휘두르고 있는데 왜 맞냐고","1:54
휘두르고 있는데 왜 맞냐고",http://www.youtube.com/channel/UCKwO95ApTdT6ufHdPzTN0Vg,5,0
31,Bb5DKSx5jTI,1,Jennifer Park,1분전은못참지,1분전은못참지,http://www.youtube.com/channel/UCWMPyRsE4QFFlqNdWltN9LA,0,0
32,Bb5DKSx5jTI,0,가첼로,빛솔님의 능력=편한 환경오염,빛솔님의 능력=편한 환경오염,http://www.youtube.com/channel/UCRSUXuu4FrJco-rtpXuo16A,22,0
33,Bb5DKSx5jTI,0,루돌프,"<a href=""https://www.youtube.com/watch?v=Bb5DKSx5jTI&amp;t=1m29s"">1:29</a> 뭐지 뭔가가 지나갔나?",1:29 뭐지 뭔가가 지나갔나?,http://www.youtube.com/channel/UCnFv6SAeW0hl2fHQ2Cr5g7w,3,0
34,Bb5DKSx5jTI,0,kj han,"<a href=""https://www.youtube.com/watch?v=Bb5DKSx5jTI&amp;t=1m28s"">1:28</a>캐려다가 씨엔님 때렸엌ㅋㅋㅋㅋㅋㅋㅋㅋ",1:28캐려다가 씨엔님 때렸엌ㅋㅋㅋㅋㅋㅋㅋㅋ,http://www.youtube.com/channel/UCSAt7GGtmYTX433kiCjVVTw,4,0
35,Bb5DKSx5jTI,1,kj han,네??,네??,http://www.youtube.com/channel/UCSAt7GGtmYTX433kiCjVVTw,0,0
36,Bb5DKSx5jTI,1,부위티비,구라  하나도없이 지금 존나 유명한 비제이 눕방하는데 후방주의 필수임...<br />내꺼 보면 보는곳 올려뒷으니깐 얼른봐💚💚<br />------------------------------------------------------------------,"구라  하나도없이 지금 존나 유명한 비제이 눕방하는데 후방주의 필수임...
내꺼 보면 보는곳 올려뒷으니깐 얼른봐💚💚
------------------------------------------------------------------",http://www.youtube.com/channel/UCVI2YLTS0GX_MoWyCemMnrw,0,0
37,Bb5DKSx5jTI,0,함은정,"<a href=""https://www.youtube.com/watch?v=Bb5DKSx5jTI&amp;t=0m33s"">0:33</a> 난 처음에 존중,사랑 이라는 줄 알았는데 돈 주는 사람 이였네....?","0:33 난 처음에 존중,사랑 이라는 줄 알았는데 돈 주는 사람 이였네....?",http://www.youtube.com/channel/UCvr4Q8nDg1wIV8vGhgBx6Fg,1,0
38,Bb5DKSx5jTI,0,Candy캔디,"<a href=""https://www.youtube.com/watch?v=Bb5DKSx5jTI&amp;t=1m28s"">1:28</a> 어떻게 때린거지?",1:28 어떻게 때린거지?,http://www.youtube.com/channel/UC5OOUqfG-YQmEg6Ri-Togqw,3,0
39,Bb5DKSx5jTI,0,여우,???: 엉덩이 춤을 춰보자 엉덩이 춤을 춰....<br />???: 끼야아아아악!!!,"???: 엉덩이 춤을 춰보자 엉덩이 춤을 춰....
???: 끼야아아아악!!!",http://www.youtube.com/channel/UCT7_uutfgs94DgVjHqYpGAg,3,0
40,Bb5DKSx5jTI,1,김한결,@여우네,@여우네,http://www.youtube.com/channel/UCeV14FUpGfDVa-ZA3jzws1Q,1,0
41,Bb5DKSx5jTI,1,여우,@김한결 알려주셔서 감사합니다!,@김한결 알려주셔서 감사합니다!,http://www.youtube.com/channel/UCT7_uutfgs94DgVjHqYpGAg,0,0
42,Bb5DKSx5jTI,1,김한결,춰보자아님?,춰보자아님?,http://www.youtube.com/channel/UCeV14FUpGfDVa-ZA3jzws1Q,0,0
43,Bb5DKSx5jTI,0,서월,&quot;자꾸 이러면 내가 신사가 되는 거야&quot;,"""자꾸 이러면 내가 신사가 되는 거야""",http://www.youtube.com/channel/UCRxpztnBPUsfpsPjEOFam7Q,1,0
44,Bb5DKSx5jTI,0,레곰월쉬,이래서 배드락이ㅋㅋㅋㅋㅋㅋㅋㅋㅋㅋㅋㅋㅋㅋㅋ,이래서 배드락이ㅋㅋㅋㅋㅋㅋㅋㅋㅋㅋㅋㅋㅋㅋㅋ,http://www.youtube.com/channel/UC1HNf3lMJ76cmlbGlK4oFzw,2,0
45,Bb5DKSx5jTI,0,함게티비,"<a href=""https://www.youtube.com/watch?v=Bb5DKSx5jTI&amp;t=7m51s"">7:51</a> 옛날에 운석떨어지는 모드 에서 베드락으로 집을 지었던 거 같은데",7:51 옛날에 운석떨어지는 모드 에서 베드락으로 집을 지었던 거 같은데,http://www.youtube.com/channel/UCDJARf5fKHJc6FLqZAugcIA,2,0
46,Bb5DKSx5jTI,0,_AReNeo,이제 베드락으로 가둬놓고 일 시킬 일만 남았네요.,이제 베드락으로 가둬놓고 일 시킬 일만 남았네요.,http://www.youtube.com/channel/UCDTBimREF8PNiQS0mTQUWuw,1,0
47,Bb5DKSx5jTI,0,이시현,"<a href=""https://www.youtube.com/watch?v=Bb5DKSx5jTI&amp;t=1m26s"">1:26</a> 진짜 타이밍 또라이급이넼ㅋㅋㅋㅋㅋㅋ",1:26 진짜 타이밍 또라이급이넼ㅋㅋㅋㅋㅋㅋ,http://www.youtube.com/channel/UCyHkZejnBTjW35xNwPbjJLA,0,0
48,Bb5DKSx5jTI,0,최정현,&quot;그를 화나게 해선 안돼&quot;,"""그를 화나게 해선 안돼""",http://www.youtube.com/channel/UC1ebVi6rO_XfP5L0cdre7Ow,21,0
49,Bb5DKSx5jTI,0,김태오,이거 이쯤되면 컨텐츠이름을 SCP로 바꿔야됨ㅋㅋㅋㅋㅋㅋㅋ<br />격리하잖아ㅋㅋㅋㅋㅋㅋㅋ,"이거 이쯤되면 컨텐츠이름을 SCP로 바꿔야됨ㅋㅋㅋㅋㅋㅋㅋ
격리하잖아ㅋㅋㅋㅋㅋㅋㅋ",http://www.youtube.com/channel/UCKQ1JpsjitDNhIjyO1bWPTw,0,0
50,Bb5DKSx5jTI,0,닉별,당신들은 이 영상에서 한 장면을 최소 2번 돌려봤습니다,당신들은 이 영상에서 한 장면을 최소 2번 돌려봤습니다,http://www.youtube.com/channel/UCvRm7qJxDrZDUh94X_uplKQ,13,0
51,Bb5DKSx5jTI,1,정형빈,"<a href=""https://www.youtube.com/watch?v=Bb5DKSx5jTI&amp;t=1m21s"">1:21</a>",1:21,http://www.youtube.com/channel/UCeBpmDZ-D6FuV80HpXdltFQ,0,0
52,Bb5DKSx5jTI,1,슈마메2,@십덕이 뭔데 십덕아 ㅋㅋㅋㅋ,@십덕이 뭔데 십덕아 ㅋㅋㅋㅋ,http://www.youtube.com/channel/UCg_Tejbr0L5rJQef5fDP0_g,0,0
53,Bb5DKSx5jTI,1,십덕이 뭔데 십덕아,"<a href=""https://www.youtube.com/watch?v=Bb5DKSx5jTI&amp;t=13m55s"">13:55</a> 말하시는건가",13:55 말하시는건가,http://www.youtube.com/channel/UCRJg3iQ3mSHv_PgRgfcjT6A,0,0
54,Bb5DKSx5jTI,1,야,?,?,http://www.youtube.com/channel/UC8IYNLRfS4NVptRVpqZI6Zg,0,0
55,Bb5DKSx5jTI,0,랄품,투디님의 능력 존재이유&#39;빛솔?&#39;,투디님의 능력 존재이유'빛솔?',http://www.youtube.com/channel/UCpmPZxnBb7XEPMffIJjirYw,1,0
56,Bb5DKSx5jTI,0,11안성현,"<a href=""https://www.youtube.com/watch?v=Bb5DKSx5jTI&amp;t=1m27s"">1:27</a> 우연치 않게 삽으로 땨림",1:27 우연치 않게 삽으로 땨림,http://www.youtube.com/channel/UCX3_BQUzQpyal8Fe48WT3vQ,0,0
57,Bb5DKSx5jTI,0,10519이동훈,이거 설마 또 팬아트에 빛솔 씨엔 라미 서가지고 당신들도..또..여전히...우리의 능력만을 원하고 통제한거잖아요? 라는내용의 팬아트 구해요,이거 설마 또 팬아트에 빛솔 씨엔 라미 서가지고 당신들도..또..여전히...우리의 능력만을 원하고 통제한거잖아요? 라는내용의 팬아트 구해요,http://www.youtube.com/channel/UCLnH4pIYLVTB_oMt0Gdh6Sg,0,0
58,Bb5DKSx5jTI,0,유원영,???:자꾸 그렇게 비협조적으로 나오시면<br />제가 협조적으로 되기위해 허리를 굽히고 집으로 들어갈겁니다,"???:자꾸 그렇게 비협조적으로 나오시면
제가 협조적으로 되기위해 허리를 굽히고 집으로 들어갈겁니다",http://www.youtube.com/channel/UCKFHRvjMN_2bu_xC0XmRpog,0,0
59,Bb5DKSx5jTI,0,현석김,"<a href=""https://www.youtube.com/watch?v=Bb5DKSx5jTI&amp;t=10m03s"">10:03</a> 그러니까 도망처나왔겠죠..?",10:03 그러니까 도망처나왔겠죠..?,http://www.youtube.com/channel/UCINvgKVzbU1rFxipz7EtRvA,1,0
60,Bb5DKSx5jTI,0,파쿠르pd,여기 환경오염이 추가되면 진짜 재밌겠다<br />ㅋㅋㅋㅋㅋㅋㅋㅋㅋ,"여기 환경오염이 추가되면 진짜 재밌겠다
ㅋㅋㅋㅋㅋㅋㅋㅋㅋ",http://www.youtube.com/channel/UCC67kKM8qnTEBnTyCWk3flg,0,0
61,Bb5DKSx5jTI,0,오렌지,아 저 인트로 너무 웃겨 진짴ㅋㅋㅋ,아 저 인트로 너무 웃겨 진짴ㅋㅋㅋ,http://www.youtube.com/channel/UC0nU2eRTkagB2-uPTLw5jhA,43,0
62,Bb5DKSx5jTI,1,트리,ㄹㅇㅋㅋ,ㄹㅇㅋㅋ,http://www.youtube.com/channel/UCF3o_J1nqcaTs_42fCUEESA,1,0
63,Bb5DKSx5jTI,1,초록딱지,ㄹㅇㅋㅋ,ㄹㅇㅋㅋ,http://www.youtube.com/channel/UCFFezEZGTpLxo3by23FLqpA,1,0
64,Bb5DKSx5jTI,1,궁죠,흐름 끊기!!!!!,흐름 끊기!!!!!,http://www.youtube.com/channel/UCyg-mp2brMhrj7ahYS9yMQg,1,0
65,Bb5DKSx5jTI,1,이영진,ㄹㅇㅋㅋ,ㄹㅇㅋㅋ,http://www.youtube.com/channel/UC6iD4WJDNJX5U4INZ1g5U9w,1,0
66,Bb5DKSx5jTI,1,이준석,ㄹㅇㅋㅋ,ㄹㅇㅋㅋ,http://www.youtube.com/channel/UCSs3_fqOZUjaVskUKiuAM5Q,1,0
67,Bb5DKSx5jTI,0,이준우,케하 8초전 못 참지ㅋㅋㅋㅋㅋ,케하 8초전 못 참지ㅋㅋㅋㅋㅋ,http://www.youtube.com/channel/UCcxlRSyjKzoJ0wJcuvW7qwQ,2,0
68,Bb5DKSx5jTI,0,박천응,?? 뭐지 지금 웜즈영상 하나 실시간 비공개됐는데?,?? 뭐지 지금 웜즈영상 하나 실시간 비공개됐는데?,http://www.youtube.com/channel/UCyVfJttDaTCNjloDrnYsxlA,3,0
69,Bb5DKSx5jTI,0,초능력자,"<a href=""https://www.youtube.com/watch?v=Bb5DKSx5jTI&amp;t=9m25s"">9:25</a> 씨엔 : 나도 한떄는 의뢰자였어......",9:25 씨엔 : 나도 한떄는 의뢰자였어......,http://www.youtube.com/channel/UCOMdAyz2nplLQ8dvRmFkFTw,0,0
70,Bb5DKSx5jTI,0,W T N Y L I G L,진짜 이번주에 기분 잡쳤는데 케빈님 영상보고 힘냅니다,진짜 이번주에 기분 잡쳤는데 케빈님 영상보고 힘냅니다,http://www.youtube.com/channel/UCcdAr8n1JZkPYzBnM8h-iVw,1,0
71,Bb5DKSx5jTI,0,레이DR,"<a href=""https://www.youtube.com/watch?v=Bb5DKSx5jTI&amp;t=1m28s"">1:28</a> 의문의 숟가락 살인마",1:28 의문의 숟가락 살인마,http://www.youtube.com/channel/UCtSS_J1UCQb2tqvcWGzC0bw,0,0
72,Bb5DKSx5jTI,0,나비,???: 어디서 존댓말질이야 이씨,???: 어디서 존댓말질이야 이씨,http://www.youtube.com/channel/UCOASFNe4waBypmFYzpQUj_g,1,0
73,Bb5DKSx5jTI,0,샌드라,뿡비방구 끼는 거 왠지 아크에서 공룡들이 으르렁거리는거 같음,뿡비방구 끼는 거 왠지 아크에서 공룡들이 으르렁거리는거 같음,http://www.youtube.com/channel/UCUA8yXWwqfuLRxkuB0SvRGA,0,0
74,Bb5DKSx5jTI,0,1 xx,빛솔로삼행시<br /><br /><br /><br /><br /><br /><br /><br /><br /><br /><br />빛이나는<br />솔로,"빛솔로삼행시










빛이나는
솔로",http://www.youtube.com/channel/UCEGjkAxLXnLxv4pfjE_Ojfg,1,0
75,Bb5DKSx5jTI,0,장명희,"<a href=""https://www.youtube.com/watch?v=Bb5DKSx5jTI&amp;t=8m46s"">8:46</a> 최고의 기지 챌린지 집 바닥?",8:46 최고의 기지 챌린지 집 바닥?,http://www.youtube.com/channel/UCjMgE0VnTuZVyMJuc-xu_aA,1,0
76,Bb5DKSx5jTI,0,디오 브란도,아닠ㅋㅋㅋㅋㅋㅋ 빛솔님 혼자 리듬게임 하게 생겼넼ㅋㅋㅋㅋㅋㅋ,아닠ㅋㅋㅋㅋㅋㅋ 빛솔님 혼자 리듬게임 하게 생겼넼ㅋㅋㅋㅋㅋㅋ,http://www.youtube.com/channel/UC0UK_W3Kw_GFwemn39iAApg,11,0
77,Bb5DKSx5jTI,0,박수찬,삽에 맞은거 대박;;,삽에 맞은거 대박;;,http://www.youtube.com/channel/UCVKan98zQZBfF_JRGT0FUcg,0,0
78,Bb5DKSx5jTI,0,기도,영상 보고나서 썸네일 보니까 이해가 확되네 ㅋㅋㅋㅋㅋ,영상 보고나서 썸네일 보니까 이해가 확되네 ㅋㅋㅋㅋㅋ,http://www.youtube.com/channel/UCsuBCbTtEV9jUHc9rsv6WDw,0,0
79,Bb5DKSx5jTI,0,앵무유니버스,뭔가 비밀기지를 만들것같은 의뢰인님,뭔가 비밀기지를 만들것같은 의뢰인님,http://www.youtube.com/channel/UCRnyHHLx0mfcclJy2VVRscw,0,0
80,Bb5DKSx5jTI,0,BlackTVa ',이거 뭔가 서브노티카 보강판으로 덕칠덕칠 붙혀놓은 느낌...<br /><br /><br /><br />서브노티카 중독자,"이거 뭔가 서브노티카 보강판으로 덕칠덕칠 붙혀놓은 느낌...



서브노티카 중독자",http://www.youtube.com/channel/UCjhoAeQPUN4GCrnBAUKYeQg,0,0
81,Bb5DKSx5jTI,0,J.S editor,뭐야ㅐ 영상 왜 비공개지,뭐야ㅐ 영상 왜 비공개지,http://www.youtube.com/channel/UC6Yv3ynq7gEzM907bAUyNKQ,1,0
82,Bb5DKSx5jTI,0,정하율,밭 다 터졌네ㅋㅋ,밭 다 터졌네ㅋㅋ,http://www.youtube.com/channel/UCf9Zy9XxvlCDYjN4aJ3KHNg,1,0
83,Bb5DKSx5jTI,0,에스프레소맛 쿠키,오늘의 결론:뿡비,오늘의 결론:뿡비,http://www.youtube.com/channel/UCTTTacRlqNyun-OAfdKrQPA,0,0
84,Bb5DKSx5jTI,0,최준혁,팬아트  안나오면 ㄹㅈㄷ ㅋㅋㅋㅋㅋ,팬아트  안나오면 ㄹㅈㄷ ㅋㅋㅋㅋㅋ,http://www.youtube.com/channel/UCeLk3EcQWYhZVY5axOwL4ZA,0,0
85,Bb5DKSx5jTI,0,이은호,빌런의 마왕성을 지어준 것 같은데...,빌런의 마왕성을 지어준 것 같은데...,http://www.youtube.com/channel/UCRk3No8Cj4Ef6SUfKguCHdw,0,0
86,Bb5DKSx5jTI,0,이서진,너무 재밌어 내 스티아ㅣㄹ이다ㅏㅋㅋㅋㅋㅋ,너무 재밌어 내 스티아ㅣㄹ이다ㅏㅋㅋㅋㅋㅋ,http://www.youtube.com/channel/UCyZWqfL-fc9v3a-pqJbCRFg,0,0
87,Bb5DKSx5jTI,0,eky story,미크 인트로 하면 쑥대밭될듯 ㅋㅋㅋㅋ,미크 인트로 하면 쑥대밭될듯 ㅋㅋㅋㅋ,http://www.youtube.com/channel/UC9RIIcRjsGcCSlCeNkBXSJw,0,0
88,Bb5DKSx5jTI,0,하슈비_ [hasyubi_],지금 섬네일 보니까 옛날 웹툰에 놓지마 정신줄이라고 있는데 거기서 아이가 키 너무커서 밤에 콜라맥이고 그랬던거 생각난다,지금 섬네일 보니까 옛날 웹툰에 놓지마 정신줄이라고 있는데 거기서 아이가 키 너무커서 밤에 콜라맥이고 그랬던거 생각난다,http://www.youtube.com/channel/UC7fTQIlbaVQKSxeHq_WnQ9w,0,0
89,Bb5DKSx5jTI,0,깸캣,???:엄마 나 똥꼬에서 TNT가 나와,???:엄마 나 똥꼬에서 TNT가 나와,http://www.youtube.com/channel/UCC2g2lovB0xUiD8Iu7mwpug,2,0
90,Bb5DKSx5jTI,1,이정원,동X쓰:엄ㅁㅏ,동X쓰:엄ㅁㅏ,http://www.youtube.com/channel/UC_NT9vfbHhacThUnqOOrEmQ,0,0
91,Bb5DKSx5jTI,0,아그마르,여기서 빛솔님의 컨셉이 도망자(좀아포에서 역할인 도둑도 경찰에게 쫓기는 도망자임) 그리고 돈이 많다(도둑이라 훔친게 많아서 돈이 많음) 대충 이런 컨셉으로 좀아포랑 연결 될 거 같은데요..!,여기서 빛솔님의 컨셉이 도망자(좀아포에서 역할인 도둑도 경찰에게 쫓기는 도망자임) 그리고 돈이 많다(도둑이라 훔친게 많아서 돈이 많음) 대충 이런 컨셉으로 좀아포랑 연결 될 거 같은데요..!,http://www.youtube.com/channel/UCeDCyZYLw4SZ_kHWBQps0yA,0,0
92,Bb5DKSx5jTI,0,박시준,뿡비와 뻥솔이ㅋㅋㅋ<br /><br />근데 이거야말로 몬스터 아포칼립스 시즌 3 에서 나오는 강화된 재료가 있어야 하겠네,"뿡비와 뻥솔이ㅋㅋㅋ

근데 이거야말로 몬스터 아포칼립스 시즌 3 에서 나오는 강화된 재료가 있어야 하겠네",http://www.youtube.com/channel/UCZgV_mD2p_TBnQXniBZMO3Q,0,0
93,Bb5DKSx5jTI,0,채민채민TV,아니 웜즈 영상 뭐지 왜 없는거야 비공개야,아니 웜즈 영상 뭐지 왜 없는거야 비공개야,http://www.youtube.com/channel/UCOrNH_15sTIKrzofyvFfYyQ,0,0
94,Bb5DKSx5jTI,0,ᄀ미교마,와... 초5부터 봤는데 벌써 고1이됬네요...<br />재미따...,"와... 초5부터 봤는데 벌써 고1이됬네요...
재미따...",http://www.youtube.com/channel/UC4DHRSxNCa0y93wcvRoXbCg,0,0
95,Bb5DKSx5jTI,0,정준영,아름다운 자연에 베드락 흉물집ㅋㅋㅋㅋ,아름다운 자연에 베드락 흉물집ㅋㅋㅋㅋ,http://www.youtube.com/channel/UCc5k2Jvly3k4G2fi82LOMnQ,0,0
96,Bb5DKSx5jTI,0,김보찬,고대 잔해도 복사..?ㅋㅋㅋㅋㅋㅋ,고대 잔해도 복사..?ㅋㅋㅋㅋㅋㅋ,http://www.youtube.com/channel/UChjwX8Z-uP5wKrUuNbAJ2yQ,0,0
97,Bb5DKSx5jTI,0,아블S 따라한건 아님,그래서 아재 아저씨가 있었구만 빛솔님 때문에,그래서 아재 아저씨가 있었구만 빛솔님 때문에,http://www.youtube.com/channel/UCEkR_xFAGGNmpwOncb3WZnA,0,0
98,Bb5DKSx5jTI,0,김철,대변인에 이어서 폭탄 대변인 ㅋㅋㅋㅋㅋㅋ,대변인에 이어서 폭탄 대변인 ㅋㅋㅋㅋㅋㅋ,http://www.youtube.com/channel/UC-FUhxP4V4sys-sp6-0OIRA,0,0
99,Bb5DKSx5jTI,0,제키엘,빛솔님버전 스텝업,빛솔님버전 스텝업,http://www.youtube.com/channel/UCgxV8ScEcgl1HZf0CYKjKSA,0,0
100,Bb5DKSx5jTI,0,이용철,말장난 아재 ㅋㅋㅋ<br />bed+rock=bedrock<br />그와중에 이름 잘지음,"말장난 아재 ㅋㅋㅋ
bed+rock=bedrock
그와중에 이름 잘지음",http://www.youtube.com/channel/UCayn3HOMmhZ34hMNS4tSiPQ,0,0
101,Bb5DKSx5jTI,0,백은,"폭죽놀이 대신에 폭탄놀이...?<br /><br /><a href=""https://www.youtube.com/watch?v=Bb5DKSx5jTI&amp;t=5m58s"">5:58</a><br /><a href=""https://www.youtube.com/watch?v=Bb5DKSx5jTI&amp;t=9m17s"">9:17</a><br /><a href=""https://www.youtube.com/watch?v=Bb5DKSx5jTI&amp;t=12m43s"">12:43</a>","폭죽놀이 대신에 폭탄놀이...?

5:58
9:17
12:43",http://www.youtube.com/channel/UCnqNrK5FF_gX4dMLNEH8SOw,1,0
102,Bb5DKSx5jTI,0,로우YouTube,궁금한 것:템이 들어있는 셜커상자는 복사가 될까?,궁금한 것:템이 들어있는 셜커상자는 복사가 될까?,http://www.youtube.com/channel/UC2R0oxKUCr5fiAYA5DVB4Cw,5,0
103,Bb5DKSx5jTI,1,호불호,치트에서 복사하는 기능으로는 일반 상자도 템 있는 채로 복사되는걸로 아는데 그것도...,치트에서 복사하는 기능으로는 일반 상자도 템 있는 채로 복사되는걸로 아는데 그것도...,http://www.youtube.com/channel/UC3DTivbWGRywYtAXm0sT8Gg,0,0
104,Bb5DKSx5jTI,1,로우YouTube,@스토리충 무새 그쵸그쵸??,@스토리충 무새 그쵸그쵸??,http://www.youtube.com/channel/UC2R0oxKUCr5fiAYA5DVB4Cw,0,0
105,Bb5DKSx5jTI,1,스토리충 무새,그거 되면 진짜 겁나 좋을듯,그거 되면 진짜 겁나 좋을듯,http://www.youtube.com/channel/UCdUDqxz6SpeRdl8yT5PuPmw,0,0
106,Bb5DKSx5jTI,1,골리앗,5,5,http://www.youtube.com/channel/UCXJQoxe8NrBvfWZm9jRQqEA,0,0
107,Bb5DKSx5jTI,1,불닭먹고싶다,오,오,http://www.youtube.com/channel/UCvMklHnUOyCnESPRHOB-uBg,0,0
108,Bb5DKSx5jTI,0,김시헌,드디어 투디님 오프닝에 나왔군,드디어 투디님 오프닝에 나왔군,http://www.youtube.com/channel/UCsulxTN9Ymr2PgYzzz7E9Lw,0,0
109,Bb5DKSx5jTI,0,박천응,이거 그냥 네더갈때 흑요석 많이 복사해두고 빛솔님 몰래 창문들 다 나가지 못하게 해두고 들어갔을때 배드락으로 문막고 다들 침대한번씩 쓴다음<br />스폰을 배드락으로 넓게 감싸고 혹시라도 드래곤잡을때 침대없을 수 있어서 천장만 흑요석 세겹으로 해두는것도 좋을듯 ㅋㅋ 아니면 천장 다 막고 스폰에 좁게 한 칸에 가두면 복사를 못하므로 옆에 구멍하나만 만들어서 멀리서 관람 가능ㅋㅋ 그리고 2X2평에 가둬서 높이세칸 뒤주만들고<br />바닥타일주고 계속 복제시키면서 블럭 채우기도 가능 ㅋㅋㅋㅋㅋ,"이거 그냥 네더갈때 흑요석 많이 복사해두고 빛솔님 몰래 창문들 다 나가지 못하게 해두고 들어갔을때 배드락으로 문막고 다들 침대한번씩 쓴다음
스폰을 배드락으로 넓게 감싸고 혹시라도 드래곤잡을때 침대없을 수 있어서 천장만 흑요석 세겹으로 해두는것도 좋을듯 ㅋㅋ 아니면 천장 다 막고 스폰에 좁게 한 칸에 가두면 복사를 못하므로 옆에 구멍하나만 만들어서 멀리서 관람 가능ㅋㅋ 그리고 2X2평에 가둬서 높이세칸 뒤주만들고
바닥타일주고 계속 복제시키면서 블럭 채우기도 가능 ㅋㅋㅋㅋㅋ",http://www.youtube.com/channel/UCyVfJttDaTCNjloDrnYsxlA,2,0
110,Bb5DKSx5jTI,0,sean시연,성능 좋구만,성능 좋구만,http://www.youtube.com/channel/UCk0-hJZ3PstfyGH4bgRoSyA,0,0
111,Bb5DKSx5jTI,0,최연화,1.28이런 타이밍은 진짜 드문데 ㅋㅋㅋㅋㅋㅋ타이밍ㄹㅇ미침ㅋㅋㅋㅋㅋ,1.28이런 타이밍은 진짜 드문데 ㅋㅋㅋㅋㅋㅋ타이밍ㄹㅇ미침ㅋㅋㅋㅋㅋ,http://www.youtube.com/channel/UCdnTom8Md4DKd7jEY36Bd1Q,0,0
112,Bb5DKSx5jTI,1,김태준,네? 1.29요?,네? 1.29요?,http://www.youtube.com/channel/UCRNKvUyc_0G6W8j5h9kOfyQ,0,0
113,Bb5DKSx5jTI,0,강성원,다음화 제목:뿡비와뻥솔이,다음화 제목:뿡비와뻥솔이,http://www.youtube.com/channel/UCgMnBxYgq63Ky4vb9gKx9dw,16,0
114,Bb5DKSx5jTI,1,새제자,가즈아!!!!,가즈아!!!!,http://www.youtube.com/channel/UCF8ovGHmAl_5n8NE4JlfeKA,0,0
115,Bb5DKSx5jTI,1,잉아쌀라말라이쿰,미친 ㅋㅋㅋㅋㅋㅋㅋ,미친 ㅋㅋㅋㅋㅋㅋㅋ,http://www.youtube.com/channel/UCOZYg44n97gMZFkMEzLUazA,1,0
116,Bb5DKSx5jTI,0,오승주,난 왜 교도소같냐 ㅋㅋ,난 왜 교도소같냐 ㅋㅋ,http://www.youtube.com/channel/UCn54frU2243l79vAJFFss0Q,0,0
117,Bb5DKSx5jTI,0,깡낑,뽀글님능력 보면서 느끼는건데 뽀글님은 쇠뇌 하나면 원거리 걱정없는 아주 좋은 능력.....,뽀글님능력 보면서 느끼는건데 뽀글님은 쇠뇌 하나면 원거리 걱정없는 아주 좋은 능력.....,http://www.youtube.com/channel/UCZxedNlEDtR7lS9lNzTIi9A,0,0
118,Bb5DKSx5jTI,0,우주상아리 [팬계정],폭탄광 빛솔님,폭탄광 빛솔님,http://www.youtube.com/channel/UCdE4TzQT4T-ZKtPULXZVrCw,0,0
119,Bb5DKSx5jTI,0,뱌를셀로나,인트로 팩...ㅌㅡ,인트로 팩...ㅌㅡ,http://www.youtube.com/channel/UCR6A0O2knzZlVUWab5tRwhA,0,0
120,Bb5DKSx5jTI,0,귀멸의칼날신속의호흠,"<a href=""https://www.youtube.com/watch?v=Bb5DKSx5jTI&amp;t=1m55s"">1:55</a> 케빈님:흙파고 있는데 왜 떨어지냐고",1:55 케빈님:흙파고 있는데 왜 떨어지냐고,http://www.youtube.com/channel/UC2SsdIh4puFkYbz8FTaisDw,0,0
121,Bb5DKSx5jTI,1,귀멸의칼날신속의호흠,반대로,반대로,http://www.youtube.com/channel/UC2SsdIh4puFkYbz8FTaisDw,0,0
122,Bb5DKSx5jTI,0,용준YouTube,"<a href=""https://www.youtube.com/watch?v=Bb5DKSx5jTI&amp;t=1m27s"">1:27</a>에서 0.25속도",1:27에서 0.25속도,http://www.youtube.com/channel/UC2tLGd4HZ6fCoby4jh5r1zw,0,0
123,Bb5DKSx5jTI,0,김영국,"<a href=""https://www.youtube.com/watch?v=Bb5DKSx5jTI&amp;t=1m28s"">1:28</a> 제가 느리게해서 보니까 케빈님 거기 있으셨는데 씨엔님이 뛰어드신걸로 나오는뎈ㅋㅋㅋㅋㅋㅋㅋ",1:28 제가 느리게해서 보니까 케빈님 거기 있으셨는데 씨엔님이 뛰어드신걸로 나오는뎈ㅋㅋㅋㅋㅋㅋㅋ,http://www.youtube.com/channel/UCUyggYbfgkwQtI5Y7EB4Mlw,0,0
124,Bb5DKSx5jTI,0,웹소설 죽돌이,인트로속 하얀봉지는 돈일까 사직서 일까,인트로속 하얀봉지는 돈일까 사직서 일까,http://www.youtube.com/channel/UCN608pFpQx3aWi89wkN7O0w,1,0
125,Bb5DKSx5jTI,0,H G,오... 절대 터지거나 타지않는 집,오... 절대 터지거나 타지않는 집,http://www.youtube.com/channel/UCLaTDRi0YUL2tpG9INSBaSg,0,0
126,Bb5DKSx5jTI,0,이름이어ᄇᄉ어요,"<a href=""https://www.youtube.com/watch?v=Bb5DKSx5jTI&amp;t=1m27s"">1:27</a> 마크 5년이면 떨어지던 씨엔도 잡는다",1:27 마크 5년이면 떨어지던 씨엔도 잡는다,http://www.youtube.com/channel/UC0PraWTAqxZlGYLrFukIB2Q,0,0
127,Bb5DKSx5jTI,0,낮잠,빛솔님 집바닥에 다 물깔고 문도 수영해서 <br />나오면 좋겠다ㅎ,"빛솔님 집바닥에 다 물깔고 문도 수영해서 
나오면 좋겠다ㅎ",http://www.youtube.com/channel/UCBjuWJbUNOuw-NFteMKs3Xg,0,0
128,Bb5DKSx5jTI,0,암초,빛솔님집은 베드락확정 ㅋㅋ,빛솔님집은 베드락확정 ㅋㅋ,http://www.youtube.com/channel/UCw1eKceCvsmaAXAveSYW8kQ,0,0
129,Bb5DKSx5jTI,0,레멜,"<a href=""https://www.youtube.com/watch?v=Bb5DKSx5jTI&amp;t=1m29s"">1:29</a> 의문의 복수(?)",1:29 의문의 복수(?),http://www.youtube.com/channel/UC4l3CWUuulWbeNImmuG6esQ,18,0
130,Bb5DKSx5jTI,0,바리yul,배드 락 쿸쿸쿸,배드 락 쿸쿸쿸,http://www.youtube.com/channel/UC4wAn_yk7Jr6HKCHH4MtlgA,0,0
131,Bb5DKSx5jTI,0,율마_Youtube,투디님 뿜!! 하눈거 넣었으면 좋았는데....,투디님 뿜!! 하눈거 넣었으면 좋았는데....,http://www.youtube.com/channel/UCAPxyIzbpPuIQW1YUGw_Tmw,0,0
132,Bb5DKSx5jTI,0,동현대군,공손하면 안돼는 사람이 호박을 복사하면 때리면 호박나오는 사람과 맞으면 좋아하는 사람(ㅆㅇ)이 일을 안해도된닷<br />(이게 대체 무슨대화여),"공손하면 안돼는 사람이 호박을 복사하면 때리면 호박나오는 사람과 맞으면 좋아하는 사람(ㅆㅇ)이 일을 안해도된닷
(이게 대체 무슨대화여)",http://www.youtube.com/channel/UCLmiiW3GUbthdnA5WKAO4-w,1,0
133,Bb5DKSx5jTI,0,김유찬,침대에서 잘려고 할때 빛솔님이 쉬프트를 습관적으로 누르시는데 만약 씨엔님이 잘때 빛솔님이 쉬프트를 누른다면?,침대에서 잘려고 할때 빛솔님이 쉬프트를 습관적으로 누르시는데 만약 씨엔님이 잘때 빛솔님이 쉬프트를 누른다면?,http://www.youtube.com/channel/UCMF302108T2etVdwl4M2Xfw,0,0
134,Bb5DKSx5jTI,0,최호윤,"<a href=""https://www.youtube.com/watch?v=Bb5DKSx5jTI&amp;t=9m22s"">9:22</a> 나는 사과다?",9:22 나는 사과다?,http://www.youtube.com/channel/UC_pJO9aN2tu8Omf71shNXcg,1,0
135,Bb5DKSx5jTI,1,ᅳᅳ,내채ㅣㅡ널에 돈ㆍ받는법있음,내채ㅣㅡ널에 돈ㆍ받는법있음,http://www.youtube.com/channel/UCz4yvzvPy2jS_qqCGpnfrCw,0,0
136,Bb5DKSx5jTI,0,만두김,인트로 너무 좋아여 취져,인트로 너무 좋아여 취져,http://www.youtube.com/channel/UCFL_ydWwDpsL5vQqrOTmljg,0,0
137,Bb5DKSx5jTI,0,김준성,"<a href=""https://www.youtube.com/watch?v=Bb5DKSx5jTI&amp;t=14m29s"">14:29</a> 이 노래 이름이 뭔가요",14:29 이 노래 이름이 뭔가요,http://www.youtube.com/channel/UC2ymn9Wp_zNVqMAoOkGCqxQ,0,0
138,Bb5DKSx5jTI,0,엠달이,와....,와....,http://www.youtube.com/channel/UCqRcW6hxI8FG-bop5ivWqMg,0,0
139,Bb5DKSx5jTI,0,요아YOA,와 새로운 인트로!,와 새로운 인트로!,http://www.youtube.com/channel/UCgsIPNUmBme_fKlb22cth4g,0,0
140,Bb5DKSx5jTI,0,YoungTae Kwak,와우............,와우............,http://www.youtube.com/channel/UC713HkMf-co8p64nnmmi5Wg,0,0
141,Bb5DKSx5jTI,0,mk14 0701,형님오랜만입니다 벌써 50만이라니,형님오랜만입니다 벌써 50만이라니,http://www.youtube.com/channel/UCJwQmyBYAU8pIDrKQqrYjLg,0,0
142,Bb5DKSx5jTI,0,블태몬,썸넬 ㅋㅋㅋ,썸넬 ㅋㅋㅋ,http://www.youtube.com/channel/UCvjVGZ_qaoISMXa2sjwH95Q,0,0
143,Bb5DKSx5jTI,0,슬라이므,"<a href=""https://www.youtube.com/watch?v=Bb5DKSx5jTI&amp;t=7m51s"">7:51</a> 옛날에 한🖊님 자연재해에서 살아남을려고 했던것 같은데...",7:51 옛날에 한🖊님 자연재해에서 살아남을려고 했던것 같은데...,http://www.youtube.com/channel/UC2fNlqrRiGPJ2IaXB2LtGvw,0,0
144,Bb5DKSx5jTI,0,노래가사 알려주는사람,배드(bed)락(rock),배드(bed)락(rock),http://www.youtube.com/channel/UCYRsQLlW3OOmXQ5lJIKAL2Q,2,0
145,Bb5DKSx5jTI,1,정하율,아!,아!,http://www.youtube.com/channel/UCf9Zy9XxvlCDYjN4aJ3KHNg,0,0
146,Bb5DKSx5jTI,0,대악마 눈깔대장루피,너무재밌겠다..!!,너무재밌겠다..!!,http://www.youtube.com/channel/UCtIbI1ASGUF1GSzDH0OinNw,0,0
147,Bb5DKSx5jTI,0,변규태,호박집ㅋㅋㅋ,호박집ㅋㅋㅋ,http://www.youtube.com/channel/UCgBprHJEiq2RC5N7kx1PxXA,0,0
148,Bb5DKSx5jTI,0,김진영,이야나오렛만에최케빈봄 ㅋㅋㅋㅋㅋㅋ,이야나오렛만에최케빈봄 ㅋㅋㅋㅋㅋㅋ,http://www.youtube.com/channel/UCiY3ERDay6s_4w1mE495XfA,0,0
149,Bb5DKSx5jTI,0,?????,배드+락=배드락 깔깔깔ㅋㅋㅋ~~~~~~,배드+락=배드락 깔깔깔ㅋㅋㅋ~~~~~~,http://www.youtube.com/channel/UCgyJj0yDcJRDedEwy2VgWYg,0,0
150,Bb5DKSx5jTI,0,게임즘ᄃᄃ,3화부터 베드락에 빛솔님 가두고 필요한 복사 한회동안 하는건가?,3화부터 베드락에 빛솔님 가두고 필요한 복사 한회동안 하는건가?,http://www.youtube.com/channel/UC9eP3fLRDjQrDhLcDFDU0dw,1,0
151,Bb5DKSx5jTI,0,김환희,30만 기념으로 부른 노래 어디갔어요!!!,30만 기념으로 부른 노래 어디갔어요!!!,http://www.youtube.com/channel/UCEYW-83DPhcWTtZoPzSVVxg,0,0
152,Bb5DKSx5jTI,0,부계,이런 영상을 기다렸닸!!<br /><br /><br /><br /><br /><br /><br /><br /><br /><br /><br /><br />기다리겠습니다 오예~٩(ˊᗜˋ)و,"이런 영상을 기다렸닸!!











기다리겠습니다 오예~٩(ˊᗜˋ)و",http://www.youtube.com/channel/UCVHDPY5QQ5622iqr6QX8RBg,0,0
153,Bb5DKSx5jTI,0,베르무트로즈,빛솔님은 이제부터 블럭복사셔틀(?)입니다.,빛솔님은 이제부터 블럭복사셔틀(?)입니다.,http://www.youtube.com/channel/UCaJ1tUHMLPp4NJR3yMhKIww,0,0
154,Bb5DKSx5jTI,0,김현승,빛솔님 배드락으로 가두고 복사만 시키면..,빛솔님 배드락으로 가두고 복사만 시키면..,http://www.youtube.com/channel/UCC9PMUdFzKur0ymuKhaQ1SA,0,0
155,Bb5DKSx5jTI,0,족곡의게임채널,빛솔님 따로 집지어줘야 할듯<br />라고 했는데 비슷한말이 나왔네<br />에다가  이말이 나왔네,"빛솔님 따로 집지어줘야 할듯
라고 했는데 비슷한말이 나왔네
에다가  이말이 나왔네",http://www.youtube.com/channel/UCesKTNuhXDkVswe-SPw_zRQ,0,0
156,Bb5DKSx5jTI,0,염라강아지Yeomla Dog,인트로 만드는 비하인드가 궁금한적은 처음이다,인트로 만드는 비하인드가 궁금한적은 처음이다,http://www.youtube.com/channel/UCVjzi4vGwd7AzomsH2SMQiA,0,0
157,Bb5DKSx5jTI,0,김호셉 6 62,새로운 인트로,새로운 인트로,http://www.youtube.com/channel/UCX2dwYEnjgFDQ2PjRzhYG1w,0,0
158,Bb5DKSx5jTI,0,자반김,방패쓰면 폭팤ㅋㅋㅋ,방패쓰면 폭팤ㅋㅋㅋ,http://www.youtube.com/channel/UCCDRgjQ15nSO238SQC9VzFw,0,0
159,Bb5DKSx5jTI,0,구름이,"<a href=""https://www.youtube.com/watch?v=Bb5DKSx5jTI&amp;t=1m50s"">1:50</a> 이거 완전 보험 사기네!",1:50 이거 완전 보험 사기네!,http://www.youtube.com/channel/UCJfI7kWyYgPVjHlkmim9MZQ,0,0
160,Bb5DKSx5jTI,0,루요리,다이아랑 네더라이드가 복사가 되다고?!<br />이건 못참지 ㅋㅋㅋㅋ,"다이아랑 네더라이드가 복사가 되다고?!
이건 못참지 ㅋㅋㅋㅋ",http://www.youtube.com/channel/UChkiZBNO903eK_P-b18nmRg,0,0
161,Bb5DKSx5jTI,0,집사노르웨이숲,최케빈:투디님은 저를 평소에 어떻게 생각하시죠?<br />투디:돈 주는 사람,"최케빈:투디님은 저를 평소에 어떻게 생각하시죠?
투디:돈 주는 사람",http://www.youtube.com/channel/UCVhQ_6XuBXiLcystGhBLsPA,25,0
162,Bb5DKSx5jTI,1,예늘,(돈봉투로 짝),(돈봉투로 짝),http://www.youtube.com/channel/UC84c7VX4_lWRgmDl9L8ozjw,1,0
163,Bb5DKSx5jTI,0,으아라아,빛솔님이 설마 네더라이트도!,빛솔님이 설마 네더라이트도!,http://www.youtube.com/channel/UC4BfxiWWhMA_GdLu67Rwc7Q,0,0
164,Bb5DKSx5jTI,0,페미는피해망상인정신병,ㅋㅋ 뱌드럭이 있눈이유가 있었네 ㅋㅋㅋ 집터지지말라고 ㅋㅋ,ㅋㅋ 뱌드럭이 있눈이유가 있었네 ㅋㅋㅋ 집터지지말라고 ㅋㅋ,http://www.youtube.com/channel/UCp-xfGl1_zzIj3ef-vWln7g,0,0
165,Bb5DKSx5jTI,0,하늘구름,빛솔님 집의 가구를 물로 감싸놓으면..?,빛솔님 집의 가구를 물로 감싸놓으면..?,http://www.youtube.com/channel/UCZyO0B-8Yov2BEl46vmn97g,0,0
166,Bb5DKSx5jTI,0,하루히,ㅋㅋㅋㅋㅋㅋ,ㅋㅋㅋㅋㅋㅋ,http://www.youtube.com/channel/UCy31pX7Qbm2z8uJJsLPQo4A,0,0
167,Bb5DKSx5jTI,0,그런사람모릅니다,ㅋㅋㅋㅋㅋㅋ,ㅋㅋㅋㅋㅋㅋ,http://www.youtube.com/channel/UC-oRDqtVaLi83UZtZN0HDnw,0,0
168,Bb5DKSx5jTI,0,삐니큐브TV,빛솔님 tnt나오는걸로 내더라이트 파밍......?!!?!,빛솔님 tnt나오는걸로 내더라이트 파밍......?!!?!,http://www.youtube.com/channel/UCwJNL2jG9WFxoLepyHvsgKw,0,0
169,Bb5DKSx5jTI,0,박서현,베드락이 뭐였드락,베드락이 뭐였드락,http://www.youtube.com/channel/UC4hW7BNoj3OdAEg878rs4TQ,1,0
170,Bb5DKSx5jTI,0,민드래곤,예전 자연재해 영상에 배드락집 있어요,예전 자연재해 영상에 배드락집 있어요,http://www.youtube.com/channel/UCMrqHjz4HXe09XJ7bIo5CdQ,0,0
171,Bb5DKSx5jTI,0,어우니,마크최초 야생에 배드락집을 짓는사람,마크최초 야생에 배드락집을 짓는사람,http://www.youtube.com/channel/UC7HoaGHsDtABtkxArgCeDGw,0,0
172,Bb5DKSx5jTI,0,이거 무슨 열매임?,결국 베드락으로 집을 지어야겠구만,결국 베드락으로 집을 지어야겠구만,http://www.youtube.com/channel/UCoWXbFGI6RU3jj5bbalzHZw,0,0
173,Bb5DKSx5jTI,0,그냥사람,ㅋㅋㅋㅋㅋㅋㅇㄹ,ㅋㅋㅋㅋㅋㅋㅇㄹ,http://www.youtube.com/channel/UCBKUBdf2FSx7f2WmVo6PHQA,0,0
174,Bb5DKSx5jTI,0,츠름,빠유먹고있는데 뱉을뻔했닼ㅋㅋㅋ,빠유먹고있는데 뱉을뻔했닼ㅋㅋㅋ,http://www.youtube.com/channel/UCm8JJf2dOh14EekzT881lXw,0,0
175,Bb5DKSx5jTI,0,김믿음,라미 인트로남았다,라미 인트로남았다,http://www.youtube.com/channel/UCWUwG-DD8SRdHT0Gog2DVrg,0,0
176,Bb5DKSx5jTI,0,고예율,빛솔:크리퍼,빛솔:크리퍼,http://www.youtube.com/channel/UCtRFBdWOdudqly2wN7WV9sg,0,0
177,Bb5DKSx5jTI,0,10519이동훈,설정을 쉬프트를 우회 시켜서 딜리트로..,설정을 쉬프트를 우회 시켜서 딜리트로..,http://www.youtube.com/channel/UCLnH4pIYLVTB_oMt0Gdh6Sg,0,0
178,Bb5DKSx5jTI,0,돌김,바닥을 믈로채우면돼지않나요??ㅎㅎ,바닥을 믈로채우면돼지않나요??ㅎㅎ,http://www.youtube.com/channel/UCcy_L0aiw9wehNx6nuLp-Rg,0,0
179,Bb5DKSx5jTI,0,강민재,와 네더라이트 캘때 좋겠내,와 네더라이트 캘때 좋겠내,http://www.youtube.com/channel/UCTdprHJFHFbqqHTPHZcP0Eg,0,0
180,Bb5DKSx5jTI,0,박장빈,ㅋㅋㅋㅋㅋㅋㅋ,ㅋㅋㅋㅋㅋㅋㅋ,http://www.youtube.com/channel/UCyRTUVNbuQ0qW_5-wJcOBJw,0,0
181,Bb5DKSx5jTI,0,Chan Tv,빛솔님은 뭔가 협곡에서 길 만들다가 TNT에 죽으실듯,빛솔님은 뭔가 협곡에서 길 만들다가 TNT에 죽으실듯,http://www.youtube.com/channel/UC4__p1Ovbs2Gtcxb1G5h92w,0,0
182,Bb5DKSx5jTI,0,서 zᅵᄂ,오늘도 재밌게 보고갑니다,오늘도 재밌게 보고갑니다,http://www.youtube.com/channel/UCgnfrG1h9GUZwp5F0g197yw,0,0
183,Bb5DKSx5jTI,0,최병훈,물이랑 빛솔님 아용해서 자동 복사장치 만드는거 어때요?,물이랑 빛솔님 아용해서 자동 복사장치 만드는거 어때요?,http://www.youtube.com/channel/UCI7N_OC_6uucVTG0sYiOJ8Q,1,0
184,Bb5DKSx5jTI,0,••,케하,케하,http://www.youtube.com/channel/UC7uLTccJkPnQXhi7qSAkHNg,1,0
185,Bb5DKSx5jTI,0,임현우,엔더포탈 프레임을 복사하면 엔더포탈의 위치를 마음대로 할 수 있는건가....?,엔더포탈 프레임을 복사하면 엔더포탈의 위치를 마음대로 할 수 있는건가....?,http://www.youtube.com/channel/UCpQO8QdmoKJ6isMk90EhpyQ,1,0
186,Bb5DKSx5jTI,0,크리스탈장미,"<a href=""https://www.youtube.com/watch?v=Bb5DKSx5jTI&amp;t=00m28s"">00:28</a>인트로<br /><a href=""https://www.youtube.com/watch?v=Bb5DKSx5jTI&amp;t=1m27s"">1:27</a>살인마가된 케빈님(?)","00:28인트로
1:27살인마가된 케빈님(?)",http://www.youtube.com/channel/UCR65YQXM0eTDPhTL3iDuGmg,3,0
187,Bb5DKSx5jTI,0,가젠YT,엌,엌,http://www.youtube.com/channel/UCj2ssGL8EmcuGebFQG3714A,0,0
188,Bb5DKSx5jTI,0,오징오질,아 조회수 1회 못참지,아 조회수 1회 못참지,http://www.youtube.com/channel/UCQZdgrZLetuK8JhpTgLIEDw,0,0
189,Bb5DKSx5jTI,0,서아란,오프닝 컬렉션 <br />빛:아니 케빈님!<br />씨:우리 헤어져<br />뽀:사랑스러워<br />연:나아?<br />투:돈주는사람<br />라:??,"오프닝 컬렉션 
빛:아니 케빈님!
씨:우리 헤어져
뽀:사랑스러워
연:나아?
투:돈주는사람
라:??",http://www.youtube.com/channel/UCQm2ZKbK9nE5Jie0PFRA6BQ,1,0
190,Bb5DKSx5jTI,0,테슬라,석궁 + 색깔있는 폭죽 = 개쎔,석궁 + 색깔있는 폭죽 = 개쎔,http://www.youtube.com/channel/UCdCs4sU6Ufg8F5eqpPDH7ww,0,0
191,Bb5DKSx5jTI,0,강성원,이거 인간대포 만들수 있겠는데?,이거 인간대포 만들수 있겠는데?,http://www.youtube.com/channel/UCgMnBxYgq63Ky4vb9gKx9dw,0,0
192,Bb5DKSx5jTI,0,서용원,빛솔님에게 키보드 않는키 빼고 하라합시다,빛솔님에게 키보드 않는키 빼고 하라합시다,http://www.youtube.com/channel/UCVZV1AdRz9LecQRle9YhTfg,0,0
193,Bb5DKSx5jTI,0,월화,???: 이분을 절대로 공손하게 하면 안돼!,???: 이분을 절대로 공손하게 하면 안돼!,http://www.youtube.com/channel/UCwt1DRWJzeqZVlqqrB-Dn8A,3,0
194,Bb5DKSx5jTI,0,박쥐,빛솔님 키보드에 쉬프트 키 뽑아버리죠?,빛솔님 키보드에 쉬프트 키 뽑아버리죠?,http://www.youtube.com/channel/UCYUfV0zqg_S1zf4i8wSSmeQ,0,0
195,Bb5DKSx5jTI,0,예나,"<a href=""https://www.youtube.com/watch?v=Bb5DKSx5jTI&amp;t=1m27s"">1:27</a> ㅋㅋㅋㅋㅋㅋ어이없이 웃기네 와서 맞은 거 아님,..?ㅋㅋㅋㅋ","1:27 ㅋㅋㅋㅋㅋㅋ어이없이 웃기네 와서 맞은 거 아님,..?ㅋㅋㅋㅋ",http://www.youtube.com/channel/UCEBlrzsMitcbIeN7rFvLuHw,6,0
196,Bb5DKSx5jTI,0,Soonang lee,다이아도 발견하면 복사하면 되네요,다이아도 발견하면 복사하면 되네요,http://www.youtube.com/channel/UC5z73-zk9QlVMIZi3YCGvRQ,0,0
197,Bb5DKSx5jTI,0,데헷호빵몬,나중에는 회로로 피스톤해서 빛솔님 밀죠..(사탄보다 더하다),나중에는 회로로 피스톤해서 빛솔님 밀죠..(사탄보다 더하다),http://www.youtube.com/channel/UCWgJ2KWrGnpEIjpHO1985tw,0,0
198,Bb5DKSx5jTI,0,돼지잠옷,짜장면 먹는데 연비님이 방귀끼고 최케빈님이 오 지렸는데 라고 하고 그리고 짜장면 소스보고 잊맛사라짐,짜장면 먹는데 연비님이 방귀끼고 최케빈님이 오 지렸는데 라고 하고 그리고 짜장면 소스보고 잊맛사라짐,http://www.youtube.com/channel/UCjKEUwl6ulTim6sg6a2YVfw,0,0
199,Bb5DKSx5jTI,0,천황 스틱파이터,이거 2화 아님?,이거 2화 아님?,http://www.youtube.com/channel/UCC9QemO080QhWeBc7H6btlA,1,0
200,Bb5DKSx5jTI,0,취미는그리기,칫솔이 빛을 내면?<br />빛솔<br />엌ㅋㅋ크크,"칫솔이 빛을 내면?
빛솔
엌ㅋㅋ크크",http://www.youtube.com/channel/UCJyjul2bViH2jSdbdhIVAmw,1,0
201,Bb5DKSx5jTI,1,빙희,빛이 나는 솔로는?,빛이 나는 솔로는?,http://www.youtube.com/channel/UCNd27LyUBUlKgwAFGeTEChA,0,0
202,Bb5DKSx5jTI,0,Jaesang Lee,뿡비와 뻥솔이,뿡비와 뻥솔이,http://www.youtube.com/channel/UC3sHcQPjMThckpoOQNLt4fA,1,0
203,Bb5DKSx5jTI,0,달걀맛치킨1,"<a href=""https://www.youtube.com/watch?v=Bb5DKSx5jTI&amp;t=7m12s"">7:12</a>  옛날에 어떤분이 건축물 옆에베드락을설치해 건축물채로 옮겼다는 이야기가 생각나는군요",7:12  옛날에 어떤분이 건축물 옆에베드락을설치해 건축물채로 옮겼다는 이야기가 생각나는군요,http://www.youtube.com/channel/UCXeD6442Eq9gb1ricObKgkQ,2,0
204,Bb5DKSx5jTI,1,송현민,ㅅ....ㅏ.....ㄱ...ㅗ...ㅏ,ㅅ....ㅏ.....ㄱ...ㅗ...ㅏ,http://www.youtube.com/channel/UCIG1IUQiBBcThDu_H6GBopQ,0,0
205,Bb5DKSx5jTI,1,(케빈이끄)구미구미,타 유뚜바..,타 유뚜바..,http://www.youtube.com/channel/UC1zmhip5wjFmhWnhDXIrWFQ,0,0
206,Bb5DKSx5jTI,0,권동혁,폭뿡빛,폭뿡빛,http://www.youtube.com/channel/UCXvMaHNykFNNk6-CZ_iUTdQ,0,0
207,Bb5DKSx5jTI,0,수지구,라미님만 인트로 나오면 되겠네요,라미님만 인트로 나오면 되겠네요,http://www.youtube.com/channel/UCK4qZ4FOwdnnmOi8WgqvzgA,0,0
208,Bb5DKSx5jTI,0,블루베리,갑솔과 을뢰인인가..,갑솔과 을뢰인인가..,http://www.youtube.com/channel/UCBEEykv2ROo-Zi1UgDCOK9A,0,0
209,Bb5DKSx5jTI,0,코코넛 돼지저금통,떠돌이 상인이 일정시간 지나면 사라짐,떠돌이 상인이 일정시간 지나면 사라짐,http://www.youtube.com/channel/UCitSztOq1IgYxtlDsNJee5Q,0,0
210,Bb5DKSx5jTI,0,팅커힐,강철의 요새의 집과 모든것을 보는 눈의 집,강철의 요새의 집과 모든것을 보는 눈의 집,http://www.youtube.com/channel/UCZvMEBFXHe8rUd8Upp0vgfg,9,0
211,Bb5DKSx5jTI,0,이효완,갑옷입고tnt점프하면될듣 ㅋㅋㅋㅋㅋㅋ,갑옷입고tnt점프하면될듣 ㅋㅋㅋㅋㅋㅋ,http://www.youtube.com/channel/UCzRv6_A90F3VJG-okzBfLAA,0,0
212,Bb5DKSx5jTI,0,우필,베드락도 가능하겠다,베드락도 가능하겠다,http://www.youtube.com/channel/UCfQziYCQ5XbYvmt5hozNBuQ,0,0
213,Bb5DKSx5jTI,0,디디레,케하,케하,http://www.youtube.com/channel/UC1z1EU6d2wC1PuseYRkE3zA,0,0
214,Bb5DKSx5jTI,0,리오넬메시,케하,케하,http://www.youtube.com/channel/UCs9UZntG9V_7xP53YW40HEw,0,0
215,Bb5DKSx5jTI,0,_멍이,케하,케하,http://www.youtube.com/channel/UCoa0thSn-xZSRg4upIgMGBA,0,0
216,Bb5DKSx5jTI,0,김재윤,케하,케하,http://www.youtube.com/channel/UC7uugnP31hLa8muK_k4sjkw,0,0
217,Bb5DKSx5jTI,0,김민결,케하,케하,http://www.youtube.com/channel/UCqWjsGhaEb254tvTsiBV3Ww,0,0
218,Bb5DKSx5jTI,0,하루히,케하,케하,http://www.youtube.com/channel/UCy31pX7Qbm2z8uJJsLPQo4A,0,0
219,Bb5DKSx5jTI,0,코인몰,케하,케하,http://www.youtube.com/channel/UCfiTUuF6gydBXZyEO6ZwzKA,0,0
220,Bb5DKSx5jTI,0,빨간 머더 TV,와 그럼 네더 원석 계속 밟고 블럭 만들어서 밟고 책장 밟으면............,와 그럼 네더 원석 계속 밟고 블럭 만들어서 밟고 책장 밟으면............,http://www.youtube.com/channel/UC0xoVjAwBqxUvux0vNt0TlA,0,0
221,Bb5DKSx5jTI,0,이태훈,유하,유하,http://www.youtube.com/channel/UCGKNF7pAOx_dQD0YrpoABnw,0,0
222,Bb5DKSx5jTI,0,지운,??뭐야 영상이,??뭐야 영상이,http://www.youtube.com/channel/UC-0kShU2fIBYc9yW2_ZzPiA,0,0
223,Bb5DKSx5jTI,0,김한얼,집이 너무 교도소 같은데 ㅋㅋ,집이 너무 교도소 같은데 ㅋㅋ,http://www.youtube.com/channel/UCgmYbozLYBK4K33PsvJMrfA,0,0
224,Bb5DKSx5jTI,0,박준영,오늘 영상이 3개인가 했더니 잘못올린 건가요?,오늘 영상이 3개인가 했더니 잘못올린 건가요?,http://www.youtube.com/channel/UC6fXk85pSojsUYKGb4EMMnA,0,0
225,Bb5DKSx5jTI,0,김강냉,베드락도?,베드락도?,http://www.youtube.com/channel/UCLO99_8A4_i2Eh94M-_WQiA,0,0
226,Bb5DKSx5jTI,0,소나 회장,26분 ㅠㅜ,26분 ㅠㅜ,http://www.youtube.com/channel/UCbBDKRZjSOoC5AwxuHl7btw,0,0
227,Bb5DKSx5jTI,0,ᄎᄌᄋ,빛솔님 전용 카운터 능력,빛솔님 전용 카운터 능력,http://www.youtube.com/channel/UCuVR-2rdTq4M-Vadr4HIH1A,0,0
228,Bb5DKSx5jTI,1,ᅳᅳ,내ㆍ채ㆍ널에 돈ㆍ받는ㆍ법있음,내ㆍ채ㆍ널에 돈ㆍ받는ㆍ법있음,http://www.youtube.com/channel/UCz4yvzvPy2jS_qqCGpnfrCw,0,0
229,Bb5DKSx5jTI,0,스컬지스,베드락 만들어서 따로 혼자 집 만들면 괜찮을듯,베드락 만들어서 따로 혼자 집 만들면 괜찮을듯,http://www.youtube.com/channel/UC3pT5QvzB6-b0kmrydWekyA,0,0
230,Bb5DKSx5jTI,0,코유키,와,와,http://www.youtube.com/channel/UCFsTEiRpGNMgGrVO8G-4GQg,0,0
231,Bb5DKSx5jTI,0,포고일지,와,와,http://www.youtube.com/channel/UCe8FqQwg0cOipl3LzW2EomQ,0,0
232,Bb5DKSx5jTI,0,이승현,폭8,폭8,http://www.youtube.com/channel/UCZo1c0IhMfRa7KfhsYdQdDA,0,0
233,Bb5DKSx5jTI,0,지나가는개,베드락 복사 쌉가능,베드락 복사 쌉가능,http://www.youtube.com/channel/UCCcHTYt5RyHUS2Pmo2kY8ZA,0,0
234,Bb5DKSx5jTI,0,이희찬,ㅇㅅㅇ,ㅇㅅㅇ,http://www.youtube.com/channel/UCQu7vCN7nLiHlNammKhepaw,0,0
235,Bb5DKSx5jTI,0,하늘의보물,나도 팬아트하고싶은데 들어가지지가 안아요,나도 팬아트하고싶은데 들어가지지가 안아요,http://www.youtube.com/channel/UC-tK7CmiLUujJ79rijooGjA,0,0
236,Bb5DKSx5jTI,0,Sarvente,그냥 베드락 2개 만들고 복사를 하면...,그냥 베드락 2개 만들고 복사를 하면...,http://www.youtube.com/channel/UCpO9EIN3yC0hloZuRPzQLIQ,0,0
237,Bb5DKSx5jTI,0,여기저기,빛솔님을 베드락으로 높이 열블록으로 해서 가둬놓고 천장에 구명하나 뚫고 케빈님만 거래할때 들어가고 나오고하면 좀 그런가 ㅋㅋ,빛솔님을 베드락으로 높이 열블록으로 해서 가둬놓고 천장에 구명하나 뚫고 케빈님만 거래할때 들어가고 나오고하면 좀 그런가 ㅋㅋ,http://www.youtube.com/channel/UCDPnrzVq0bJL3_-RO2t4TfQ,0,0
238,Bb5DKSx5jTI,0,뭘봐,아이템을 넣은 셜커박스도 복사가될까,아이템을 넣은 셜커박스도 복사가될까,http://www.youtube.com/channel/UCuF4W5yf8d-6aInqUoNREGA,0,0
239,Bb5DKSx5jTI,0,커플 미니미,오늘도꿀잼영상감사합니다,오늘도꿀잼영상감사합니다,http://www.youtube.com/channel/UC3Y5g80XR3TLKoYPdR1KobQ,0,0
240,Bb5DKSx5jTI,0,이종혁,잠시만요 빛솔님 능력이 복사면 셜커상자안에 네더라이트 같은 템을 넣고 복사하면 엄청나겠네요ㄷㄷ,잠시만요 빛솔님 능력이 복사면 셜커상자안에 네더라이트 같은 템을 넣고 복사하면 엄청나겠네요ㄷㄷ,http://www.youtube.com/channel/UCZMhkeZXkKlDXcB2c0br89w,0,0
241,Bb5DKSx5jTI,0,GMYT•초록모루,복사 능력일줄 알았는데 복사방법이 틀렸네 ㅋ,복사 능력일줄 알았는데 복사방법이 틀렸네 ㅋ,http://www.youtube.com/channel/UCs6XWb8zUhOklK70_jo6wpg,1,0
242,Bb5DKSx5jTI,0,바스티라인,폭죽색갈 매도날드 광데색이메,폭죽색갈 매도날드 광데색이메,http://www.youtube.com/channel/UCvt8LtpJ69LZewFsQyIoe6Q,0,0
243,Bb5DKSx5jTI,0,멋진박태민,가두기를 하면 쉬지만 안전하게,가두기를 하면 쉬지만 안전하게,http://www.youtube.com/channel/UCGNfC8PWuSv_7Y4AH2V3W4g,0,0
244,Bb5DKSx5jTI,0,[CHANSSUN ],수령님 폭렬마법 쓰신다,수령님 폭렬마법 쓰신다,http://www.youtube.com/channel/UCkL-cXhBSDoS8IZmC-vW9pw,0,0
245,Bb5DKSx5jTI,0,유예린,팬아트 예상<br />마지막에 치료돼고<br />폭죽 터지면서(밤에)<br />한줄로 서서 끝,"팬아트 예상
마지막에 치료돼고
폭죽 터지면서(밤에)
한줄로 서서 끝",http://www.youtube.com/channel/UCS8AafgT5DKUaZnu3VnAHmA,0,0
246,Bb5DKSx5jTI,0,shim심효진,근데 광질할떼 빛솔님이 터트리면 광질잘되겠다,근데 광질할떼 빛솔님이 터트리면 광질잘되겠다,http://www.youtube.com/channel/UCCOyCBW3BOaAHgaLLav9UsA,0,0
247,Bb5DKSx5jTI,0,안안미상,빛솔님은 잠수타고 물로 이동시키면 되는거 아니야?,빛솔님은 잠수타고 물로 이동시키면 되는거 아니야?,http://www.youtube.com/channel/UCSL7wavCYCaFfGk5GBSpbOA,0,0
248,Bb5DKSx5jTI,0,사람,A/S불러,A/S불러,http://www.youtube.com/channel/UCIOdGv87eW9Ph-6BB8tBDfQ,0,0
249,Bb5DKSx5jTI,0,원땡,"<a href=""https://www.youtube.com/watch?v=Bb5DKSx5jTI&amp;t=1m27s"">1:27</a> 완벽한 타이밍 어택<br />케빈:?<br />씨엔:아니 케빈님 (살짝 짜증난 말투)","1:27 완벽한 타이밍 어택
케빈:?
씨엔:아니 케빈님 (살짝 짜증난 말투)",http://www.youtube.com/channel/UCt82VzlUHrFb__wLFZP4jlA,0,0
250,Bb5DKSx5jTI,1,(케빈이끄)구미구미,아~뉘 케뷘늼!,아~뉘 케뷘늼!,http://www.youtube.com/channel/UC1zmhip5wjFmhWnhDXIrWFQ,0,0
